# Every PPL name in HP's help, and those added since, as data.
# Generated by tests/names_extract.py from HP's Command Tree 13217, the 2.1.14181
# commands list and the 2.4.15515 release notes. Names, menus and syntax only.
# name	kind	group	menu	syntax	source
BEGIN	statement	block	Program Tmplt Block	BEGIN commands; END;	2.1.14181
KILL	statement	block	Program Tmplt Block	KILL;	13217
RETURN	statement	block	Program Tmplt Block	RETURN expression;	13217
CASE	statement	branch	Program Tmplt Branch	CASE	13217
IF	statement	branch	Program Tmplt Branch	IF test THEN commands1 [ELSE commands2] END;	2.1.14181
IFERR	statement	branch	Program Tmplt Branch	IFERR commands1 THEN commands2 [ELSE commands3] END;	13217
KEY	statement	function	Program Tmplt Function	KEY name	13217
BREAK	statement	loop	Program Tmplt Loop	BREAK [n];	13217
CONTINUE	statement	loop	Program Tmplt Loop	CONTINUE [n];	13217
FOR	statement	loop	Program Tmplt Loop	FOR var FROM start TO (or DOWNTO) finish [STEP increment] DO commands END;	2.1.14181
REPEAT	statement	loop	Program Tmplt Loop	REPEAT commands UNTIL test;	13217
WHILE	statement	loop	Program Tmplt Loop	WHILE test DO commands END;	13217
EXPORT	statement	variable	Program Tmplt Variable / Program Tmplt Function	EXPORT FunctionName(Parameters)	13217
LOCAL	statement	variable	Program Tmplt Variable	LOCAL Var1[:=Val1, Var2:=Val2, ... Var8:=Val8];	13217
DO	keyword				2.1.14181
ELSE	keyword				2.1.14181
END	keyword				13217
STEP	keyword				2.1.14181
THEN	keyword				2.1.14181
TO	keyword				2.1.14181
UNTIL	keyword				2.1.14181
(	operator				2.1.14181
*	operator				2.1.14181
+	operator				13217
-	operator				13217
.	operator				13217
.*	operator				13217
.+	operator				13217
.-	operator				13217
./	operator				13217
.^	operator				13217
/	operator				2.1.14181
:=	operator				13217
<	operator				13217
<=	operator				2.1.14181
<>	operator				2.1.14181
=	operator				13217
==	operator				13217
>	operator				13217
>=	operator				2.1.14181
^	operator				2.1.14181
AND	operator				13217
NOT	operator			NOT Value	13217
OR	operator				13217
XOR	operator				13217
STARTAPP	command	app	Program Cmds App Functions	STARTAPP("AppName")	13217
STARTVIEW	command	app	Program Cmds App Functions	STARTVIEW(ViewNumber[,Redraw])	13217
VIEW	command	app	Program Cmds App Functions / Program Tmplt Function	VIEW "Text" Function()	13217
ARC	command	drawing	Program Cmds Drawing Cartesian	ARC(G, x, y, r or {rx, ry}, [∡1, ∡2], [border_color, [fill_color]])	13217
ARC_P	command	drawing	Program Cmds Drawing Pixels	ARC_P(G, x, y, r or {rx, ry}, [∡1, ∡2], [border_color, [fill_color]])	13217
BLIT	command	drawing	Program Cmds Drawing Cartesian	BLIT([trgtG], [dx1, dy1], [dx2, dy2], srcG, [sx1, sy1], [sx2, sy2], [c], [alpha])	13217
BLIT_P	command	drawing	Program Cmds Drawing Pixels	BLIT_P([trgtG], [dx1, dy1], [dx2, dy2], srcG, [sx1, sy1], [sx2, sy2], [c], [alpha])	13217
C→PX	command	drawing	Program Cmds Drawing	C→PX(x, y)	13217
DIMGROB	command	drawing	Program Cmds Drawing Cartesian	DIMGROB(G, w, h, [color])	13217
DIMGROB_P	command	drawing	Program Cmds Drawing Pixels	DIMGROB_P(G, w, h, [color])	13217
DRAWMENU	command	drawing	Program Cmds Drawing	DRAWMENU(string1 or graphic, string2 or graphic,… string6 or graphic)	13217
FILLPOLY	command	drawing	Program Cmds Drawing Cartesian	FILLPOLY([G], {Coordinates}, Color, [Alpha])	13217
FILLPOLY_P	command	drawing	Program Cmds Drawing Pixels	FILLPOLY_P([G], {Coordinates}, Color, [Alpha])	13217
FREEZE	command	drawing	Program Cmds Drawing	FREEZE	13217
GETPIX	command	drawing	Program Cmds Drawing Cartesian	GETPIX([G], x, y)	13217
GETPIX_P	command	drawing	Program Cmds Drawing Pixels	GETPIX_P([G], x, y)	13217
GROBH	command	drawing	Program Cmds Drawing Cartesian	GROBH(G)	13217
GROBH_P	command	drawing	Program Cmds Drawing Pixels	GROBH_P(G)	13217
GROBW	command	drawing	Program Cmds Drawing Cartesian	GROBW(G)	13217
GROBW_P	command	drawing	Program Cmds Drawing Pixels	GROBW_P(G)	13217
INVERT	command	drawing	Program Cmds Drawing Cartesian	INVERT([G, x1, y1, x2, y2])	13217
INVERT_P	command	drawing	Program Cmds Drawing Pixels	INVERT_P([G, x1, y1, x2, y2])	13217
LINE	command	drawing	Program Cmds Drawing Cartesian	LINE([G], x1, y1, x2, y2, [color])	13217
LINE_P	command	drawing	Program Cmds Drawing Pixels	LINE_P([G], x1, y1, x2, y2, [color])	13217
PIXOFF	command	drawing	Program Cmds Drawing Cartesian	PIXOFF([G], x, y)	13217
PIXOFF_P	command	drawing	Program Cmds Drawing Pixels	PIXOFF_P([G], x, y)	13217
PIXON	command	drawing	Program Cmds Drawing Cartesian	PIXON([G], x, y, [color])	13217
PIXON_P	command	drawing	Program Cmds Drawing Pixels	PIXON_P([G], x, y, [color])	13217
PX→C	command	drawing	Program Cmds Drawing	PX→C(x, y)	13217
RECT	command	drawing	Program Cmds Drawing Cartesian	RECT([G], [x1, y1], [x2, y2], [Color])	13217
RECT_P	command	drawing	Program Cmds Drawing Pixels	RECT_P([G], [x1, y1], [x2, y2], [Color])	13217
RGB	command	drawing	Program Cmds Drawing	RGB(R, G, B, [A])	13217
SUBGROB	command	drawing	Program Cmds Drawing Cartesian	SUBGROB(srcG, [x1, y1], [x2, y2], trgtG)	13217
SUBGROB_P	command	drawing	Program Cmds Drawing Pixels	SUBGROB_P(srcG, [x1, y1], [x2, y2], trgtG)	13217
TEXTOUT	command	drawing	Program Cmds Drawing Cartesian	TEXTOUT(text, [G], x, y, [font], [textColor], [width], [backgroundColor])	13217
TEXTOUT_P	command	drawing	Program Cmds Drawing Pixels	TEXTOUT_P(text, [G], x, y, [font], [textColor], [width], [backgroundColor])	13217
TRIANGLE	command	drawing	Program Cmds Drawing Cartesian	TRIANGLE([G], x1, y1, x2, y2, x3, y3, c1, [c2, c3], [Alpha])	13217
TRIANGLE_P	command	drawing	Program Cmds Drawing Pixels	TRIANGLE_P([G], x1, y1, x2, y2, x3, y3, c1, [c2, c3], [Alpha])	13217
BITAND	command	integer	Program Cmds Integer	BITAND(int1, int2, … intn)	13217
BITNOT	command	integer	Program Cmds Integer	BITNOT(int)	13217
BITOR	command	integer	Program Cmds Integer	BITOR(int1, int2, … intn)	13217
BITSL	command	integer	Program Cmds Integer	BITSL(int1 [, int2])	13217
BITSR	command	integer	Program Cmds Integer	BITSR(int1 [, int2])	13217
BITXOR	command	integer	Program Cmds Integer	BITXOR(int1, int2, … intn)	13217
B→R	command	integer	Program Cmds Integer	B→R(#integer[m])	13217
GETBITS	command	integer	Program Cmds Integer	GETBITS(#integer)	13217
R→B	command	integer	Program Cmds Integer	R→B(Real [, bits [,base]])	13217
SETBASE	command	integer	Program Cmds Integer	SETBASE(#integer[m] [,c])	13217
SETBITS	command	integer	Program Cmds Integer	SETBITS(#integer[m] [,bits])	13217
CHOOSE	command	io	Program Cmds I/O	CHOOSE(var, "title", "item1", "item2",[…"item14"])	13217
CHOOSEDATE	command	io	Program Cmds I/O	CHOOSEDATE(var, ["title"], [min_date], [max_date])	13217
EDITLIST	command	io	Program Cmds I/O	EDITLIST(listvar or list, [title], [read only])	13217
GETKEY	command	io	Program Cmds I/O	GETKEY	13217
INPUT	command	io	Program Cmds I/O	INPUT(var,["title"], ["label"], ["help"], [reset_value], [initial_value])	13217
ISKEYDOWN	command	io	Program Cmds I/O	ISKEYDOWN(KeyIdentifier)	13217
MOUSE	command	io	Program Cmds I/O	MOUSE[(index)]	13217
MSGBOX	command	io	Program Cmds I/O	MSGBOX(expr,[OK_Cancel])	13217
PRINT	command	io	Program Cmds I/O	PRINT(expr)	13217
WAIT	command	io	Program Cmds I/O	WAIT(n)	13217
ADDCOL	command	matrix	Program Cmds Matrix	ADDCOL(matrixname, vector, column_number)	13217
ADDROW	command	matrix	Program Cmds Matrix	ADDROW(matrixname, vector, row_number)	13217
DELCOL	command	matrix	Program Cmds Matrix	DELCOL(name, column_number)	13217
DELROW	command	matrix	Program Cmds Matrix	DELROW(name, row_number)	13217
EDITMAT	command	matrix	Program Cmds Matrix / Program Cmds I/O	EDITMAT(matrixvar, [title], [read only])	13217
REDIM	command	matrix	Program Cmds Matrix	REDIM(matrixname, size)	13217
REPLACE	command	matrix	Program Cmds Matrix / Program Cmds Strings	REPLACE(Object1,Start,Object2)	13217
SCALE	command	matrix	Program Cmds Matrix	SCALE(matrixname, value, row_number)	13217
SCALEADD	command	matrix	Program Cmds Matrix	SCALEADD(matrixname, value, row1, row2)	13217
SUB	command	matrix	Program Cmds Matrix	SUB(object, start, end)	13217
SWAPCOL	command	matrix	Program Cmds Matrix	SWAPCOL(matrixname, column1, column2)	13217
SWAPROW	command	matrix	Program Cmds Matrix	SWAPROW(matrixname, row1, row2)	13217
%CHANGE	command	more	Program Cmds More		13217
%TOTAL	command	more	Program Cmds More		13217
CAS	command	more	Program Cmds More	CAS(expression)	13217
DATEADD	command	more	Program Cmds More	DATEADD(Date, NbDays)	13217
DAYOFWEEK	command	more	Program Cmds More	DAYOFWEEK(Date)	13217
DDAYS	command	more	Program Cmds More	DDAYS(Date1, Date2)	13217
EVAL	command	more	Program Cmds More	EVAL(Expr)	13217
EXECON	command	more	Program Cmds More	EXECON("&Expr", List1, [List2,…])	13217
HMS→	command	more	Program Cmds More	HMS→(value)	13217
ITERATE	command	more	Program Cmds More	ITERATE(expr, var, ivalue, times)	13217
TEVAL	command	more	Program Cmds More	TEVAL(Param)	13217
TICKS	command	more	Program Cmds More	TICKS()	13217
TYPE	command	more	Program Cmds More	TYPE(object)	13217
→HMS	command	more	Program Cmds More		13217
ASC	command	strings	Program Cmds Strings	ASC(String)	13217
CHAR	command	strings	Program Cmds Strings	CHAR(List) or CHAR(Vector) or CHAR(Integer)	13217
DIM	command	strings	Program Cmds Strings	DIM(String)	13217
EXPR	command	strings	Program Cmds Strings	EXPR(String)	13217
INSTRING	command	strings	Program Cmds Strings	INSTRING(String1, String2)	13217
LEFT	command	strings	Program Cmds Strings	LEFT(String, Integer)	13217
LOWER	command	strings	Program Cmds Strings	LOWER(string)	13217
MID	command	strings	Program Cmds Strings	MID(String, Position, [n])	13217
RIGHT	command	strings	Program Cmds Strings	RIGHT(String, n)	13217
ROTATE	command	strings	Program Cmds Strings	ROTATE(String, n)	13217
STRING	command	strings	Program Cmds Strings	STRING(Expression, [Mode], [Precision], [Separator or {Separator,	13217
STRINGFROMID	command	strings	Program Cmds Strings	STRINGFROMID(Integer)	13217
UPPER	command	strings	Program Cmds Strings	UPPER(string)	13217
%	function	arithmetic	Toolbox Math Arithmetic		13217
ALOG	function	arithmetic	Toolbox Math Arithmetic Exponential	ALOG(value)	13217
ARG	function	arithmetic	Toolbox Math Arithmetic Complex	ARG(x+yi)	13217
CONJ	function	arithmetic	Toolbox Math Arithmetic Complex	CONJ(x+yi)	13217
EXPM1	function	arithmetic	Toolbox Math Arithmetic Exponential	EXPM1(value)	13217
FNROOT	function	arithmetic	Toolbox Math Arithmetic	FNROOT(Expr, Var, [guess], [guess2])	13217
IM	function	arithmetic	Toolbox Math Arithmetic Complex	IM(x+yi)	13217
LNP1	function	arithmetic	Toolbox Math Arithmetic Exponential	LNP1(value)	13217
MAX	function	arithmetic	Toolbox Math Arithmetic	MAX(value1,[value2],[..value16])	13217
MIN	function	arithmetic	Toolbox Math Arithmetic	MIN(value1,[value2],[..value16])	13217
MOD	function	arithmetic	Toolbox Math Arithmetic		13217
RE	function	arithmetic	Toolbox Math Arithmetic Complex	RE(x+yi)	13217
SIGN	function	arithmetic	Toolbox Math Arithmetic Complex	SIGN(value)	13217
ACOS	function	catalog		ACOS(Value)	13217
ALPHA	function	catalog			13217
ASIN	function	catalog		ASIN(Value)	13217
ATAN	function	catalog		ATAN(Value)	13217
COLOR	function	catalog			2.1.14181
CopyVar	function	catalog		CopyVar(Var1, Var2)	13217
COS	function	catalog		COS(Value)	13217
DEBUG	function	catalog		DEBUG(ProgramName(arguments))	13217
Dirac	function	catalog		Dirac(Real)	13217
DrawSlp	function	catalog		DrawSlp(a, b, m)	13217
EEX	function	catalog			13217
EVALLIST	function	catalog		EVALLIST({list})	13217
EXP	function	catalog		EXP(value)	13217
GETBASE	function	catalog		GETBASE(#integer[m])	13217
GF	function	catalog		GF(Integerp, Integern)	13217
Heaviside	function	catalog			13217
ICON	function	catalog			13217
IFTE	function	catalog		IFTE(Expr, TrueClause, FalseClause)	13217
INVERSE	function	catalog			13217
LineHorz	function	catalog		LineHorz(Exp)	13217
LineTan	function	catalog		LineTan(f(x), [Var], Value)	13217
LineVert	function	catalog		LineVert(Expr)	13217
LN	function	catalog		LN(value)	13217
LOG	function	catalog		LOG(value, [base])	13217
MAXREAL	function	catalog		MAXREAL	13217
MEMORY	function	catalog		MEMORY	13217
MINREAL	function	catalog		MINREAL	13217
NEG	function	catalog			2.1.14181
NTHROOT	function	catalog			2.1.14181
PI	function	catalog			2.1.14181
PIECEWISE	function	catalog		PIECEWISE(test1, case1, ...[, test8], case8)	13217
POLYCOEF	function	catalog		POLYCOEF(Vector)	13217
POLYEVAL	function	catalog		POLYEVAL(Vector, Value)	13217
POLYROOT	function	catalog		POLYROOT(Poly)	13217
QPI	function	catalog		QPI(expr,[digits])	13217
QUOTE	function	catalog		QUOTE(expression)	13217
SERIAL	function	catalog		SERIAL	13217
SIN	function	catalog		SIN(Value)	13217
SUPPRESS	function	catalog		SUPPRESS(object, index)	13217
TAN	function	catalog		TAN(Value)	13217
UTPC	function	catalog		UTPC(Degrees, Value)	13217
UTPF	function	catalog		UTPF(Numerator, Denominator, Value)	13217
UTPN	function	catalog		UTPN(Mean, Variance, Value)	13217
UTPT	function	catalog		UTPT(Degrees, Value)	13217
VERSION	function	catalog		VERSION([n])	13217
ΔLIST	function	catalog		ΔLIST(list)	13217
Σ	function	catalog		Σ(expr, var, ivalue, fvalue)	13217
ΣLIST	function	catalog		ΣLIST(list)	13217
ACOSH	function	hyperbolic	Toolbox Math Hyperbolic	ACOSH(value)	13217
ASINH	function	hyperbolic	Toolbox Math Hyperbolic	ASINH(value)	13217
ATANH	function	hyperbolic	Toolbox Math Hyperbolic	ATANH(value)	13217
COSH	function	hyperbolic	Toolbox Math Hyperbolic	COSH(value)	13217
SINH	function	hyperbolic	Toolbox Math Hyperbolic	SINH(value)	13217
TANH	function	hyperbolic	Toolbox Math Hyperbolic	TANH(value)	13217
CONCAT	function	list	Toolbox Math List	CONCAT(value1, value2, [..value16])	13217
DIFFERENCE	function	list	Toolbox Math List	DIFFERENCE({list1}, ...{listN})	13217
EQ	function	list	Toolbox Math List	EQ(object_1, object2)	13217
INSERT	function	list	Toolbox Math List	INSERT(object1, index, object2)	13217
INTERSECT	function	list	Toolbox Math List	INTERSECT({list1}, ...{listN})	13217
MAKELIST	function	list	Toolbox Math List	MAKELIST(expression, variable, begin, end, [increment])	13217
POS	function	list	Toolbox Math List	POS(list, element)	13217
REVERSE	function	list	Toolbox Math List	REVERSE(list)	13217
SIZE	function	list	Toolbox Math List	SIZE(list)	13217
SORT	function	list	Toolbox Math List	SORT(list,[sort_by])	13217
suppress	function	list	Toolbox Math List	suppress(List, Integer)	13217
UNION	function	list	Toolbox Math List		13217
ΠLIST	function	list	Toolbox Math List	ΠLIST(list)	13217
ABS	function	matrix	Toolbox Math Matrix Basic	ABS(expr)	13217
cholesky	function	matrix	Toolbox Math Matrix Advanced	cholesky(matrix)	13217
COLNORM	function	matrix	Toolbox Math Matrix Basic	COLNORM(matrix)	13217
COND	function	matrix	Toolbox Math Matrix Basic	COND(matrix)	13217
CROSS	function	matrix	Toolbox Math Matrix Vector	CROSS(Vector1, Vector2)	13217
DET	function	matrix	Toolbox Math Matrix	DET(matrix)	13217
diag	function	matrix	Toolbox Math Matrix Advanced	diag(list) or diag(matrix)	13217
DOT	function	matrix	Toolbox Math Matrix Vector	DOT(Vector1, Vector2)	13217
EIGENVAL	function	matrix	Toolbox Math Matrix Advanced	EIGENVAL(matrix)	13217
EIGENVV	function	matrix	Toolbox Math Matrix Advanced	EIGENVV(matrix)	13217
hessenberg	function	matrix	Toolbox Math Matrix Advanced	hessenberg(Matrix_A)	13217
hilbert	function	matrix	Toolbox Math Matrix Create	hilbert(n)	13217
IDENMAT	function	matrix	Toolbox Math Matrix Create	IDENMAT(n)	13217
ihermite	function	matrix	Toolbox Math Matrix Advanced	ihermite(Matrix_A)	13217
ismith	function	matrix	Toolbox Math Matrix Advanced	ismith(Matrix_A)	13217
jordan	function	matrix	Toolbox Math Matrix Advanced	jordan(Matrix)	13217
JordanBlock	function	matrix	Toolbox Math Matrix Create	JordanBlock(Expr, n)	13217
l1norm	function	matrix	Toolbox Math Matrix Vector	l1norm(Vector)	13217
l2norm	function	matrix	Toolbox Math Matrix Vector	l2norm(Vector)	13217
ListToMat	function	matrix			notes 2.4
LQ	function	matrix	Toolbox Math Matrix Faktorize	LQ(matrix)	13217
LSQ	function	matrix	Toolbox Math Matrix Faktorize	LSQ(matrix1, matrix2)	13217
LU	function	matrix	Toolbox Math Matrix Faktorize	LU(matrix)	13217
MAKEMAT	function	matrix	Toolbox Math Matrix Create	MAKEMAT(Expr, Rows, Columns)	13217
maxnorm	function	matrix	Toolbox Math Matrix Vector	maxnorm(Vector)	13217
mkisom	function	matrix	Toolbox Math Matrix Create	mkisom(Vect,(Sign(1) or -1))	13217
pivot	function	matrix	Toolbox Math Matrix Basic	pivot(matrix,n,m)	13217
QR	function	matrix	Toolbox Math Matrix Faktorize	QR(matrix)	13217
RANDMAT	function	matrix	Toolbox Math Matrix Create	RANDMAT([MatrixName], rows, [columns, [integer or real1, real2 or 'generation_function']])	13217
RANK	function	matrix	Toolbox Math Matrix Basic	RANK(matrix)	13217
ROWNORM	function	matrix	Toolbox Math Matrix Basic	ROWNORM(matrix)	13217
RREF	function	matrix	Toolbox Math Matrix	RREF(matrix)	13217
SCHUR	function	matrix	Toolbox Math Matrix Faktorize	SCHUR(matrix)	13217
SPECNORM	function	matrix	Toolbox Math Matrix Basic	SPECNORM(matrix)	13217
SPECRAD	function	matrix	Toolbox Math Matrix Basic	SPECRAD(matrix)	13217
SVD	function	matrix	Toolbox Math Matrix Faktorize	SVD(matrix)	13217
SVL	function	matrix	Toolbox Math Matrix Faktorize	SVL(matrix)	13217
TRACE	function	matrix	Toolbox Math Matrix Basic	TRACE(matrix)	13217
TRN	function	matrix	Toolbox Math Matrix	TRN(matrix)	13217
valuation	function	matrix	Toolbox Math Matrix Create	valuation(Poly,[Var])	13217
CEILING	function	numbers	Toolbox Math Numbers	CEILING(value)	13217
FLOOR	function	numbers	Toolbox Math Numbers	FLOOR(value)	13217
FP	function	numbers	Toolbox Math Numbers	FP(value)	13217
IP	function	numbers	Toolbox Math Numbers	IP(value)	13217
MANT	function	numbers	Toolbox Math Numbers	MANT(Value)	13217
ROUND	function	numbers	Toolbox Math Numbers	ROUND(value, [places])	13217
TRUNCATE	function	numbers	Toolbox Math Numbers	TRUNCATE(value, [places])	13217
XPON	function	numbers	Toolbox Math Numbers	XPON(value)	13217
!	function	probability	Toolbox Math Probabiity		13217
BINOMIAL	function	probability	Toolbox Math Probabiity Density	BINOMIAL(n, p, k)	13217
BINOMIAL_CDF	function	probability	Toolbox Math Probabiity Cumulative	BINOMIAL_CDF(n, p, k, [k2])	13217
BINOMIAL_ICDF	function	probability	Toolbox Math Probabiity Inverse	BINOMIAL_ICDF(n, p, q)	13217
CHISQUARE	function	probability	Toolbox Math Probabiity Density	CHISQUARE(d, x)	13217
CHISQUARE_CDF	function	probability	Toolbox Math Probabiity Cumulative	CHISQUARE_CDF(d, x, [x2])	13217
CHISQUARE_ICDF	function	probability	Toolbox Math Probabiity Inverse	CHISQUARE_ICDF(d, p)	13217
COMB	function	probability	Toolbox Math Probabiity	COMB(n, r)	13217
FISHER	function	probability	Toolbox Math Probabiity Density	FISHER(n, d, x)	13217
FISHER_CDF	function	probability	Toolbox Math Probabiity Cumulative	FISHER_CDF(n, d, x, [x2])	13217
FISHER_ICDF	function	probability	Toolbox Math Probabiity Inverse	FISHER_ICDF(n, d, p)	13217
GEOMETRIC	function	probability	Toolbox Math Probabiity Density	GEOMETRIC(p,x)	13217
geometric_cdf	function	probability	Toolbox Math Probabiity Cumulative	geometric_cdf(p,x,[x2])	13217
geometric_icdf	function	probability	Toolbox Math Probabiity Inverse		13217
NORMALD	function	probability	Toolbox Math Probabiity Density	NORMALD([μ, σ,] x)	13217
NORMALD_CDF	function	probability	Toolbox Math Probabiity Cumulative	NORMALD_CDF([μ, σ,] x, [x2])	13217
NORMALD_ICDF	function	probability	Toolbox Math Probabiity Inverse	NORMALD_ICDF([μ, σ,] p)	13217
PERM	function	probability	Toolbox Math Probabiity	PERM(n, r)	13217
POISSON	function	probability	Toolbox Math Probabiity Density	POISSON(μ, k)	13217
POISSON_CDF	function	probability	Toolbox Math Probabiity Cumulative	POISSON_CDF(μ, k, [k2])	13217
POISSON_ICDF	function	probability	Toolbox Math Probabiity Inverse	POISSON_ICDF(μ, p)	13217
RANDINT	function	probability	Toolbox Math Probabiity Random	RANDINT([a],[b],[c])	13217
RANDNORM	function	probability	Toolbox Math Probabiity Random	RANDNORM([μ],[σ])	13217
RANDOM	function	probability	Toolbox Math Probabiity Random	RANDOM([a],[b],[c])	13217
RANDSEED	function	probability	Toolbox Math Probabiity Random	RANDSEED([value])	13217
STUDENT	function	probability	Toolbox Math Probabiity Density	STUDENT(d, x)	13217
STUDENT_CDF	function	probability	Toolbox Math Probabiity Cumulative	STUDENT_CDF(d, x, [x2])	13217
STUDENT_ICDF	function	probability	Toolbox Math Probabiity Inverse	STUDENT_ICDF(d, p)	13217
Beta	function	special	Toolbox Math Special	Beta(x, y)	13217
Ci	function	special	Toolbox Math Special	Ci(Expr)	13217
Ei	function	special	Toolbox Math Special	Ei(x)	13217
erf	function	special	Toolbox Math Special	erf(x)	13217
erfc	function	special	Toolbox Math Special	erfc(x)	13217
Gamma	function	special	Toolbox Math Special	Gamma(Real)	13217
Psi	function	special	Toolbox Math Special	Psi(Real(a),Intg(n))	13217
Si	function	special	Toolbox Math Special	Si(Expr)	13217
Zeta	function	special	Toolbox Math Special		13217
ACOT	function	trigonometry	Toolbox Math Trigonometry	ACOT(value)	13217
ACSC	function	trigonometry	Toolbox Math Trigonometry	ACSC(value)	13217
ASEC	function	trigonometry	Toolbox Math Trigonometry	ASEC(value)	13217
COT	function	trigonometry	Toolbox Math Trigonometry	COT(value)	13217
CSC	function	trigonometry	Toolbox Math Trigonometry	CSC(value)	13217
SEC	function	trigonometry	Toolbox Math Trigonometry	SEC(value)	13217
CONVERT	function	units	Units Tools	CONVERT(Value Unit1, 1_Unit2)	13217
MKSA	function	units	Units Tools	MKSA(Value_Unit)	13217
UFACTOR	function	units	Units Tools	UFACTOR(Value_Unit1, 1_Unit2)	13217
UPART	function	units			notes 2.1.14091
USIMPLIFY	function	units	Units Tools	USIMPLIFY(Value_Unitsexpr)	13217
UVAL	function	units			notes 2.1.14091
LinearSlope	app function	explorer	Toolbox App Explorer	LinearSlope(x1,y1,x2,y2)	13217
LinearYIntercept	app function	explorer	Toolbox App Explorer	LinearYIntercept(x, y, m)	13217
QuadDelta	app function	explorer	Toolbox App Explorer	QuadDelta(a, b, c)	13217
QuadSolve	app function	explorer	Toolbox App Explorer	QuadSolve(a, b, c)	13217
BlackScholes	app function	finance	Toolbox App Finance Black-Scholes	BlackScholes(stock_price,strike_price,time_to_maturity,risk_free_interest_rate,stock_volatility,stock_divi	13217
BondPrice	app function	finance	Toolbox App Finance Bond	BondPrice(settlement_date,maturity_date,coupon_percent,call_value,yield_percent,semi_annual,cal360)	13217
BondYield	app function	finance	Toolbox App Finance Bond	BondYield(settlement_date,maturity_date,price,coupon_percent,call_value,semi_annual,cal360)	13217
BrkEvCost	app function	finance	Toolbox App Finance Break-even	BrkEvCost (fixed_cost, quantity, price, profit)	13217
BrkEvFixed	app function	finance	Toolbox App Finance Break-even	BrkEvFixed(quantity, cost, price, profit)	13217
BrkEvPrice	app function	finance	Toolbox App Finance Break-even	BrkEvPrice(fixed_cost, quantity, cost, profit)	13217
BrkEvProfit	app function	finance	Toolbox App Finance Break-even	BrkEvProfit(fixed_cost, quantity, cost, price)	13217
BrkEvQuant	app function	finance	Toolbox App Finance Break-even	BrkEvQuant(fixed_cost,cost,price,profit)	13217
CashFlowFMRR	app function	finance	Toolbox App Finance Cash flow	CashFlowFMRR(cash_flow_data, investment_rate, safe_investment_rate, [cashflows_per_year])	13217
CashFlowIRR	app function	finance	Toolbox App Finance Cash flow	CashFlowIRR(cash_flow_data,[cashflows_per_year])	13217
CashFlowMIRR	app function	finance	Toolbox App Finance Cash flow	CashFlowMIRR(cash_flow_data, investment_rate, safe_investment_rate, [cashflows_per_year])	13217
CashFlowNFV	app function	finance	Toolbox App Finance Cash flow	CashFlowNFV(cash_flow_data, investment_rate, [cashflows_per_year])	13217
CashFlowNPV	app function	finance	Toolbox App Finance Cash flow	CashFlowNPV(cash_flow_data, investment_rate, [cashflows_per_year])	13217
CashFlowNUS	app function	finance	Toolbox App Finance Cash flow	CashFlowNUS(cash_flow_data, investment_rate, [cashflows_per_year])	13217
CashFlowPB	app function	finance	Toolbox App Finance Cash flow	CashFlowPB(cash_flow_data, [investment_rate])	13217
CashFlowTotal	app function	finance	Toolbox App Finance Cash flow	CashFlowTotal(cash_flow_data)	13217
ChangeCost	app function	finance	Toolbox App Finance Percent change	ChangeCost(price,percentage,option)	13217
ChangeNew	app function	finance	Toolbox App Finance Percent change	ChangeNew(old,percentage,option)	13217
ChangeOld	app function	finance	Toolbox App Finance Percent change	ChangeOld(new,percentage,option)	13217
ChangePrice	app function	finance	Toolbox App Finance Percent change	ChangePrice(cost,percentage,option)	13217
DateDays	app function	finance	Toolbox App Finance Date calculation	DateDays(first_date,second_date,[cal_360])	13217
Depreciate	app function	finance	Toolbox App Finance Depreciation	Depreciate(method, cost, salvage, life, [first], [factor])	13217
IntConvCPYR	app function	finance	Toolbox App Finance Interest conversion	IntConvCPYR(nominal_rate,effective_rate)	13217
IntConvEff	app function	finance	Toolbox App Finance Interest conversion	IntConvEff(nominal_rate,compounds_per_year)	13217
IntConvNom	app function	finance	Toolbox App Finance Interest conversion	IntConvNom(effective_rate,compounds_per_year)	13217
PercentChange	app function	finance	Toolbox App Finance Percent change	PercentChange(old,new)	13217
PercentMargin	app function	finance	Toolbox App Finance Percent change	PercentMargin(cost,price)	13217
PercentMarkup	app function	finance	Toolbox App Finance Percent change	PercentMarkup(cost,price)	13217
PercentTotal	app function	finance	Toolbox App Finance Percent change	PercentTotal(old,new)	13217
TvmFV	app function	finance	Toolbox App Finance TMV	TvmFV(NbPmt, IPYR, PV, PMT, [PPYR], [CPYR], [BEG])	13217
TvmIPYR	app function	finance	Toolbox App Finance TMV	TvmIPYR(NbPmt, PV, PMT, FV, [PPYR], [CPYR], [BEG])	13217
TvmNbPmt	app function	finance	Toolbox App Finance TMV	TvmNbPmt(IPYR, PV, PMT, FV, [PPYR], [CPYR], [BEG])	13217
TvmPMT	app function	finance	Toolbox App Finance TMV	TvmPMT(NbPmt, IPYR, PV, FV, [PPYR], [CPYR], [BEG])	13217
TvmPV	app function	finance	Toolbox App Finance TMV	TvmPV(NbPmt, IPYR, PMT, FV, [PPYR], [CPYR], [BEG])	13217
AREA	app function	function	Toolbox App Function	AREA(Fn, [Fm], Lower, Upper)	13217
EXTREMUM	app function	function	Toolbox App Function	EXTREMUM(Fn, [Guess])	13217
ISECT	app function	function	Toolbox App Function	ISECT(Fn, Fm, [Guess])	13217
ROOT	app function	function	Toolbox App Function	ROOT(Fn, [Guess])	13217
SLOPE	app function	function	Toolbox App Function	SLOPE(Fn,Value)	13217
abscissa	app function	geometry	Toolbox App Geometry Cartesian	abscissa(Point) or abscissa(Vector)	13217
affix	app function	geometry	Toolbox App Geometry Cartesian	affix(Point) or affix(Vector)	13217
altitude	app function	geometry	Toolbox App Geometry Line	altitude(Point1, Point2, Point3)	13217
angle	app function	geometry	Toolbox App Geometry Measure	angle(Vertex, Point2, Point3)	13217
Apps	app function	geometry	Geometry Cmds / Spreadsheet Menu		13217
arcLen	app function	geometry	Toolbox App Geometry Measure	arcLen(Expr, Real1, Real2)	13217
area	app function	geometry	Toolbox App Geometry Measure	area(Circle)	13217
bisector	app function	geometry	Toolbox App Geometry Line	bisector(Point1, Point2, Point3)	13217
center	app function	geometry	Toolbox App Geometry Point	center(Circle)	13217
circle	app function	geometry	Toolbox App Geometry Curve	circle(Point1, Point2)	13217
circumcircle	app function	geometry	Toolbox App Geometry Curve	circumcircle(Point1, Point2, Point3)	13217
conic	app function	geometry	Toolbox App Geometry Curve	conic(Expr)	13217
coordinates	app function	geometry	Toolbox App Geometry Cartesian	coordinates(Point) or coordinates(Vector)	13217
DelInstruction	app function	geometry			13217
distance	app function	geometry	Toolbox App Geometry Measure	distance(Point1, Point2)	13217
element	app function	geometry	Toolbox App Geometry Point	element(Object, Real)	13217
ellipse	app function	geometry	Toolbox App Geometry Curve	ellipse(Point1, Point2, Point3)	13217
equation	app function	geometry	Toolbox App Geometry Cartesian		13217
excircle	app function	geometry	Toolbox App Geometry Curve	excircle(Point1, Point2, Point3)	13217
half_line	app function	geometry	Toolbox App Geometry Line	half_line(Point1, Point2)	13217
homothety	app function	geometry	Toolbox App Geometry Transform	homothety(Point, Realk, Object)	13217
hyperbola	app function	geometry	Toolbox App Geometry Curve	hyperbola(Point1, Point2, Point3)	13217
incircle	app function	geometry	Toolbox App Geometry Curve	incircle(Point1, Point2, Point3)	13217
Instruction	app function	geometry			13217
inter	app function	geometry	Toolbox App Geometry Point	inter(Curve1, Curve2)	13217
inversion	app function	geometry	Toolbox App Geometry Transform	inversion(Point1, Realk, Point2)	13217
is_collinear	app function	geometry	Toolbox App Geometry Tests	is_collinear(Point1, Point2, ..., Pointn)	13217
is_concyclic	app function	geometry	Toolbox App Geometry Tests	is_concyclic(Point1, Point2, Point3, Point4))	13217
is_conjugate	app function	geometry	Toolbox App Geometry Tests	is_conjugate(Circle, Point1, Point2, [Point3])	13217
is_element	app function	geometry	Toolbox App Geometry Tests	is_element(Point, Object)	13217
is_equilateral	app function	geometry	Toolbox App Geometry Tests	is_equilateral(Point1, Point2, Point3)	13217
is_isosceles	app function	geometry	Toolbox App Geometry Tests	is_isosceles(Point1, Point2, Point3)	13217
is_orthogonal	app function	geometry	Toolbox App Geometry Tests	is_orthogonal(Line1, Line2)	13217
is_parallelogram	app function	geometry	Toolbox App Geometry Tests	is_parallelogram(Point1, Point2, Point3, Point4)	13217
is_perpendicular	app function	geometry	Toolbox App Geometry Tests	is_perpendicular(Line1, Line2)	13217
isopolygon	app function	geometry	Toolbox App Geometry Polygon	isopolygon(Point1, Point2, Realn)	13217
line	app function	geometry	Toolbox App Geometry Line	line(Point1, Point2)	13217
locus	app function	geometry	Toolbox App Geometry Curve	locus(Point,Element, [tstep=Value]))	13217
median_line	app function	geometry	Toolbox App Geometry Line	median_line(Point1, Point2, Point3)	13217
midpoint	app function	geometry	Toolbox App Geometry Point	midpoint(Segment)	13217
ordinate	app function	geometry	Toolbox App Geometry Cartesian	ordinate(Point)	13217
parabola	app function	geometry	Toolbox App Geometry Curve	parabola(Point, Line)	13217
parallel	app function	geometry	Toolbox App Geometry Line	parallel(Point, Line)	13217
parallelogram	app function	geometry	Toolbox App Geometry Polygon	parallelogram(Point1, Point2, Point3)	13217
parameq	app function	geometry	Toolbox App Geometry Cartesian	parameq(Obj)	13217
perimeter	app function	geometry	Toolbox App Geometry Measure	perimeter(Polygon)	13217
perpen_bisector	app function	geometry	Toolbox App Geometry Line	perpen_bisector(Segment)	13217
perpendicular	app function	geometry	Toolbox App Geometry Line	perpendicular(Point, Line)	13217
plotfield	app function	geometry	Toolbox App Geometry Plot / Toolbox CAS Plot	plotfield(Expr, VectorVar, [xstep=Val, ystep=Val, Option])	13217
plotfunc	app function	geometry	Toolbox App Geometry Plot / Toolbox CAS Plot	plotfunc(Expr)	13217
plotimplicit	app function	geometry	Toolbox App Geometry Plot / Toolbox CAS Plot	plotimplicit(Expr, [XIntrvl, YIntrvl])	13217
plotlist	app function	geometry	Toolbox App Geometry Plot	plotlist(Matrix)	13217
plotode	app function	geometry	Toolbox App Geometry Plot / Toolbox CAS Plot	plotode(Expr, [Var1, Var2, ...], [Val1, Val2. ...], [tstep=Value])	13217
plotparam	app function	geometry	Toolbox App Geometry Plot / Toolbox CAS Plot	plotparam(f(Var)+i*g(Var), Var= Interval, [tstep=Value])	13217
plotpolar	app function	geometry	Toolbox App Geometry Plot / Toolbox CAS Plot	plotpolar(Expr,Var=Interval, [Step])	13217
plotseq	app function	geometry	Toolbox App Geometry Plot / Toolbox CAS Plot	plotseq(f(Var), Var={Start, Xmin, Xmax}, Integern)	13217
point	app function	geometry	Toolbox App Geometry Point	point(Real1, Real2)	13217
polar_coordinates	app function	geometry	Toolbox App Geometry Cartesian	polar_coordinates(Point)	13217
polygon	app function	geometry	Toolbox App Geometry Polygon	polygon(Point1, Point2, …, Pointn)	13217
projection	app function	geometry	Toolbox App Geometry Transform	projection(Curve, Point)	13217
quadrilateral	app function	geometry	Toolbox App Geometry Polygon	quadrilateral(Point1, Point2, Point3, Point4)	13217
radius	app function	geometry	Toolbox App Geometry Measure	radius(Circle)	13217
randNorm	app function	geometry	Toolbox App Geometry Point		2.1.14181
reciprocation	app function	geometry	Toolbox App Geometry Transform	reciprocation(Circle, [Obj1, Obj2,...Objn])	13217
rectangle	app function	geometry	Toolbox App Geometry Polygon		13217
reflection	app function	geometry	Toolbox App Geometry Transform	reflection(Line, Object)	13217
rhombus	app function	geometry	Toolbox App Geometry Polygon	rhombus(Point1, Point2, Angle)	13217
right_triangle	app function	geometry	Toolbox App Geometry Polygon	right_triangle(Point1, Point2, Realk)	13217
rotation	app function	geometry	Toolbox App Geometry Transform		13217
segment	app function	geometry	Toolbox App Geometry Line	segment(Point1, Point2)	13217
similarity	app function	geometry	Toolbox App Geometry Transform	similarity(Point, Realk, Angle, Object)	13217
single_inter	app function	geometry	Toolbox App Geometry Point	single_inter(Curve1, Curve2, [Point])	13217
slope	app function	geometry	Toolbox App Geometry Measure	slope(Line) or slope(Point1, Point2)	13217
square	app function	geometry	Toolbox App Geometry Polygon	square(Point1, Point2)	13217
tangent	app function	geometry	Toolbox App Geometry Line	tangent(Curve, Point)	13217
translation	app function	geometry	Toolbox App Geometry Transform	translation(Vector, Object)	13217
triangle	app function	geometry	Toolbox App Geometry Polygon	triangle(Point1, Point2, Point3)	13217
zoomauto	app function	geometry	Apps Geometry Cmds Zoom		2.1.14181
zoombox	app function	geometry	Apps Geometry Cmds Zoom		2.1.14181
zoomdecimal	app function	geometry	Apps Geometry Cmds Zoom		2.1.14181
zoomdundo	app function	geometry	Apps Geometry Cmds Zoom		2.1.14181
zoomin	app function	geometry	Apps Geometry Cmds Zoom		2.1.14181
zoominteger	app function	geometry	Apps Geometry Cmds Zoom		2.1.14181
zoomout	app function	geometry	Apps Geometry Cmds Zoom		2.1.14181
AnovaOneWay	app function	inference	Toolbox App Inference	AnovaOneWay({list1},{list2},[{list3}] ... [{List14}])	13217
Chi2GOF	app function	inference	Toolbox App Inference	Chi2GOF(List1, List2, Value)	13217
Chi2TwoWay	app function	inference	Toolbox App Inference	Chi2TwoWay(Matrix)	13217
DoInference	app function	inference	Toolbox App Inference	DoInference()	13217
LinRegrTConfInt	app function	inference	Toolbox App Inference	LinRegrTConfInt(List1, List2, C-value)	13217
LinRegrTConfSlope	app function	inference	Toolbox App Inference	LinRegrTConfSlope(List1, List2, C-value)	13217
LinRegrTMeanResp	app function	inference	Toolbox App Inference	LinRegrTMeanResp(List1, List2, X_value, C-value)	13217
LinRegrTPredInt	app function	inference	Toolbox App Inference	LinRegrTPredInt(List1, List2, X-value, C-value)	13217
LinRegrTTest	app function	inference	Toolbox App Inference	LinRegrTTest(List1, List2, AltHyp)	13217
LinSolve	app function	linear-solver	Toolbox App Linear Solver	LinSolve(matrix)	13217
Solve2×2	app function	linear-solver	Toolbox App Linear Solver		13217
Solve3×3	app function	linear-solver	Toolbox App Linear Solver		13217
Solve	app function	solve	Toolbox App Solve		13217
AMORT	app function	spreadsheet	Toolbox App Spreadsheet	AMORT(Range, n, i, pv, pmt[, ppyr=12, cpyr=ppyr, Grouping=ppyr, Beg=false, Fix=current],	13217
AVERAGE	app function	spreadsheet	Toolbox App Spreadsheet	AVERAGE([Input])	13217
CellHasData	app function	spreadsheet	Toolbox App Spreadsheet	CellHasData()	13217
ClearCell	app function	spreadsheet	Toolbox App Spreadsheet	ClearCell()	13217
ConfT1mean	app function	spreadsheet	Toolbox App Spreadsheet / Toolbox App Inference	ConfT1mean(input_list, ["configuration"])	13217
ConfT2mean	app function	spreadsheet	Toolbox App Spreadsheet / Toolbox App Inference	ConfT2mean(input_list, ["configuration"])	13217
ConfZ1mean	app function	spreadsheet	Toolbox App Spreadsheet / Toolbox App Inference	ConfZ1mean(input_list, ["configuration"])	13217
ConfZ1prop	app function	spreadsheet	Toolbox App Spreadsheet / Toolbox App Inference	ConfZ1prop(input_list, ["configuration"])	13217
ConfZ2mean	app function	spreadsheet	Toolbox App Spreadsheet / Toolbox App Inference	ConfZ2mean(input_list, ["configuration"])	13217
ConfZ2prop	app function	spreadsheet	Toolbox App Spreadsheet / Toolbox App Inference	ConfZ2prop(SuccCount1, SuccCount2, SampSize1, SampSize2, ConfLevel)	13217
HypT1mean	app function	spreadsheet	Toolbox App Spreadsheet / Toolbox App Inference	HypT1mean(input_list, ["configuration"])	13217
HypT2mean	app function	spreadsheet	Toolbox App Spreadsheet / Toolbox App Inference	HypT2mean(input_list, ["configuration"])	13217
HypZ1mean	app function	spreadsheet	Toolbox App Spreadsheet / Toolbox App Inference	HypZ1mean(input_list, ["configuration"])	13217
HypZ1prop	app function	spreadsheet	Toolbox App Spreadsheet / Toolbox App Inference	HypZ1prop(input_list, ["configuration"])	13217
HypZ2mean	app function	spreadsheet	Toolbox App Spreadsheet / Toolbox App Inference	HypZ2mean(input_list, ["configuration"])	13217
HypZ2prop	app function	spreadsheet	Toolbox App Spreadsheet / Toolbox App Inference	HypZ2prop(Input_List, ["configuration"])	13217
PredX	app function	spreadsheet	Toolbox App Spreadsheet / Toolbox App Statistics 2Var	PredX(mode, y, parameters)	13217
PredY	app function	spreadsheet	Toolbox App Spreadsheet / Toolbox App Statistics 2Var	PredY(mode, x, parameters)	13217
REGRS	app function	spreadsheet	Toolbox App Spreadsheet	REGRS(Input_range, [model], ["configuration"])	13217
STAT1	app function	spreadsheet	Toolbox App Spreadsheet	STAT1(Input_Range, [Mode], ["Configuration"])	13217
STAT2	app function	spreadsheet	Toolbox App Spreadsheet	STAT2(Input_Range, [Mode], ["Configuration"])	13217
SUM	app function	spreadsheet	Toolbox App Spreadsheet	SUM([Input])	13217
CHECK	app function	statistics-1var		CHECK(n)	13217
Do1VStats	app function	statistics-1var	Toolbox App Statistics 1Var	Do1VStats(Hn)	13217
ISCHECK	app function	statistics-1var		ISCHECK(n)	13217
SetFreq	app function	statistics-1var	Toolbox App Statistics 1Var	SetFreq(Hn, Dn)	13217
SetSample	app function	statistics-1var	Toolbox App Statistics 1Var	SetSample(Hn, Dn)	13217
UNCHECK	app function	statistics-1var		UNCHECK(n)	13217
Do2VStats	app function	statistics-2var	Toolbox App Statistics 2Var	Do2VStats(Sn)	13217
Resid	app function	statistics-2var		Resid(Sn)	13217
residue	app function	statistics-2var	Toolbox App Statistics 2Var	residue(Expr, Var, Value)	13217
SetDepend	app function	statistics-2var	Toolbox App Statistics 2Var	SetDepend(Sn, Cn)	13217
SetIndep	app function	statistics-2var	Toolbox App Statistics 2Var	SetIndep(Sn, Cn)	13217
AAS	app function	triangle-solver	Toolbox App Triangle Solver	AAS(angle,angle,side)	13217
ASA	app function	triangle-solver	Toolbox App Triangle Solver	ASA(angle,side,angle)	13217
DoSolve	app function	triangle-solver	Toolbox App Triangle Solver	DoSolve()	13217
SAS	app function	triangle-solver	Toolbox App Triangle Solver	SAS(side,angle,side)	13217
SSA	app function	triangle-solver	Toolbox App Triangle Solver	SSA(side,side,angle)	13217
SSS	app function	triangle-solver	Toolbox App Triangle Solver	SSS(side,side,side)	13217
NumXStart	app variable	advanced-graphing			13217
NumXStep	app variable	advanced-graphing			13217
NumXZoom	app variable	advanced-graphing			13217
NumYStart	app variable	advanced-graphing			13217
NumYStep	app variable	advanced-graphing			13217
NumYZoom	app variable	advanced-graphing			13217
Accrued	app variable	finance			13217
BEG	app variable	finance			13217
Bond360	app variable	finance			13217
BSCall	app variable	finance			13217
BSPut	app variable	finance			13217
CallPrice	app variable	finance			13217
CFData	app variable	finance		CFData	13217
CFPYR	app variable	finance			13217
Change	app variable	finance			13217
Cost	app variable	finance			13217
CostAsset	app variable	finance			13217
CpnPer	app variable	finance			13217
CPYR	app variable	finance			13217
Date360	app variable	finance			13217
DateDiff	app variable	finance			13217
DateOne	app variable	finance			13217
DateTwo	app variable	finance			13217
DiscPayback	app variable	finance			13217
Dividend	app variable	finance			13217
EffInt	app variable	finance			13217
FactorDepr	app variable	finance			13217
FinType	app variable	finance			13217
FirstAsset	app variable	finance			13217
FirstDateAsset	app variable	finance			13217
FixedCost	app variable	finance			13217
FMRR	app variable	finance			13217
FV	app variable	finance			13217
GSize	app variable	finance			13217
IntCPYR	app variable	finance			13217
InvestInt	app variable	finance			13217
IPYR	app variable	finance			13217
IRR	app variable	finance			13217
LifeAsset	app variable	finance			13217
Macaulay	app variable	finance			13217
Margin	app variable	finance			13217
Markup	app variable	finance			13217
MatDate	app variable	finance			13217
MIRR	app variable	finance			13217
Modified	app variable	finance			13217
NbPmt	app variable	finance			13217
NewValue	app variable	finance			13217
NFV	app variable	finance			13217
NomInt	app variable	finance			13217
NPV	app variable	finance			13217
NUS	app variable	finance			13217
OldValue	app variable	finance			13217
Payback	app variable	finance			13217
PMT	app variable	finance			13217
PPYR	app variable	finance			13217
Price	app variable	finance			13217
PriceBond	app variable	finance			13217
Profit	app variable	finance			13217
PV	app variable	finance			13217
Quantity	app variable	finance			13217
RiskFree	app variable	finance			13217
SafeInt	app variable	finance			13217
SalePrice	app variable	finance			13217
SalvageAsset	app variable	finance			13217
SemiAnnual	app variable	finance			13217
SetDate	app variable	finance			13217
StockPrice	app variable	finance			13217
StrikePrice	app variable	finance			13217
TimeMarket	app variable	finance			13217
Total	app variable	finance			13217
TotalCF	app variable	finance			13217
VariableCost	app variable	finance			13217
Volatility	app variable	finance			13217
YieldBond	app variable	finance			13217
Extremum	app variable	function			13217
Isect	app variable	function			13217
Root	app variable	function			13217
SignedArea	app variable	function			13217
Slope	app variable	function			13217
Alpha	app variable	inference			13217
AltHyp	app variable	inference			13217
coefDet	app variable	inference			13217
Conf	app variable	inference			13217
ContribList	app variable	inference			13217
ContribMat	app variable	inference			13217
corr	app variable	inference			13217
CritScore	app variable	inference			13217
CritVal1	app variable	inference			13217
CritVal2	app variable	inference			13217
DataType	app variable	inference			13217
DF	app variable	inference			13217
DFerr	app variable	inference			13217
ExpList	app variable	inference			13217
ExpMat	app variable	inference			13217
Fval	app variable	inference			13217
InfType	app variable	inference			13217
Inter	app variable	inference			13217
Mean₁	app variable	inference			13217
Mean₂	app variable	inference			13217
Method	app variable	inference			13217
MS	app variable	inference			13217
MSerr	app variable	inference			13217
n₁	app variable	inference			13217
n₂	app variable	inference			13217
ObsList	app variable	inference			13217
ObsMat	app variable	inference			13217
Pooled	app variable	inference			13217
Prob	app variable	inference			13217
ProbList	app variable	inference			13217
Result	app variable	inference			13217
serrInter	app variable	inference			13217
serrLine	app variable	inference			13217
serrSlope	app variable	inference			13217
SS	app variable	inference			13217
SSerr	app variable	inference			13217
s₁	app variable	inference			13217
s₂	app variable	inference			13217
TestScore	app variable	inference			13217
TestValue	app variable	inference			13217
Xlist	app variable	inference			13217
Xval	app variable	inference			13217
x₁	app variable	inference			13217
x₂	app variable	inference			13217
Ylist	app variable	inference			13217
Yval	app variable	inference			13217
μ₀	app variable	inference			13217
π₀	app variable	inference			13217
σ₁	app variable	inference			13217
σ₂	app variable	inference			13217
LSolution	app variable	linear-solver			13217
LSystem	app variable	linear-solver			13217
SeqPlot	app variable	sequence			notes 14730
SOLVE	app variable	solve		SOLVE(En,Var[,Guess])	13217
Col	app variable	spreadsheet			13217
ColWidth	app variable	spreadsheet		ColWidth RowHeight Row Col Cell	13217
Row	app variable	spreadsheet		Row	13217
RowHeight	app variable	spreadsheet			13217
Hmax	app variable	statistics-1var			13217
Hmin	app variable	statistics-1var			13217
Hwidth	app variable	statistics-1var			13217
MaxVal	app variable	statistics-1var			13217
MeanX	app variable	statistics-1var			13217
MedVal	app variable	statistics-1var			13217
MinVal	app variable	statistics-1var			13217
NbItem	app variable	statistics-1var			13217
Q₁	app variable	statistics-1var			13217
Q₃	app variable	statistics-1var			13217
serrX	app variable	statistics-1var			13217
ssX	app variable	statistics-1var			13217
sX	app variable	statistics-1var			13217
ΣX	app variable	statistics-1var			13217
σX	app variable	statistics-1var			13217
ΣX2	app variable	statistics-1var			13217
CoefDet	app variable	statistics-2var			13217
Corr	app variable	statistics-2var			13217
MeanY	app variable	statistics-2var			13217
sCov	app variable	statistics-2var			13217
serrY	app variable	statistics-2var			13217
ssY	app variable	statistics-2var			13217
sY	app variable	statistics-2var			13217
σCov	app variable	statistics-2var			13217
ΣXY	app variable	statistics-2var			13217
ΣY	app variable	statistics-2var			13217
σY	app variable	statistics-2var			13217
ΣY2	app variable	statistics-2var			13217
AngleA	app variable	triangle-solver			13217
AngleB	app variable	triangle-solver			13217
AngleC	app variable	triangle-solver			13217
SideA	app variable	triangle-solver			13217
SideB	app variable	triangle-solver			13217
SideC	app variable	triangle-solver			13217
TriType	app variable	triangle-solver			13217
AAngle	variable	common-app-mode			13217
AComplex	variable	common-app-mode			13217
ADigits	variable	common-app-mode			13217
AFormat	variable	common-app-mode			13217
AFiles	variable	common-numeric-view			13217
AFilesB	variable	common-numeric-view			13217
ANote	variable	common-numeric-view			13217
AProgram	variable	common-numeric-view			13217
AVars	variable	common-numeric-view			13217
DelAFiles	variable	common-numeric-view			13217
DelAVars	variable	common-numeric-view			13217
NumIndep	variable	common-numeric-view			13217
NumStart	variable	common-numeric-view			13217
NumStep	variable	common-numeric-view			13217
NumType	variable	common-numeric-view			13217
NumZoom	variable	common-numeric-view			13217
Axes	variable	common-plot-view			13217
Cursor	variable	common-plot-view		Cursor	13217
GridDots	variable	common-plot-view			13217
GridLines	variable	common-plot-view			13217
ImageDisplay	variable	common-plot-view			13217
ImageName	variable	common-plot-view			13217
ImageOpacity	variable	common-plot-view			13217
ImageXmax	variable	common-plot-view			13217
ImageXmin	variable	common-plot-view			13217
ImageYmax	variable	common-plot-view			13217
ImageYmin	variable	common-plot-view			13217
Labels	variable	common-plot-view			13217
Nmax	variable	common-plot-view			13217
Nmin	variable	common-plot-view			13217
PlotMethod	variable	common-plot-view			13217
Recenter	variable	common-plot-view			13217
Tmax	variable	common-plot-view			13217
Tmin	variable	common-plot-view			13217
Tstep	variable	common-plot-view			13217
Xmax	variable	common-plot-view			13217
Xmin	variable	common-plot-view			13217
Xtick	variable	common-plot-view			13217
Xzoom	variable	common-plot-view			13217
Ymax	variable	common-plot-view			13217
Ymin	variable	common-plot-view			13217
Ytick	variable	common-plot-view			13217
Yzoom	variable	common-plot-view			13217
θmax	variable	common-plot-view			13217
θmin	variable	common-plot-view			13217
θstep	variable	common-plot-view			13217
Ans	variable	home		Ans	13217
Base	variable	home-settings			13217
Bits	variable	home-settings			13217
Entry	variable	home-settings			13217
HAngle	variable	home-settings			13217
HComplex	variable	home-settings			13217
HDigits	variable	home-settings			13217
HFormat	variable	home-settings			13217
HSeparator	variable	home-settings			13217
Signed	variable	home-settings			13217
Date	variable	system			13217
DelHVars	variable	system			13217
HVars	variable	system			13217
Language	variable	system			13217
Notes	variable	system			13217
Programs	variable	system			13217
Theme	variable	system			13217
Time	variable	system			13217
TOff	variable	system			13217
a2q	cas	cas		a2q(Matrix, [Var1, Var2….])	13217
abcuv	cas	cas		abcuv(Poly_A,Poly_B,Poly_C,[Var])	13217
about	cas	cas		about(Var)	13217
acos2asin	cas	cas	Toolbox CAS Rewrite Cosine	acos2asin(Expr)	13217
acos2atan	cas	cas	Toolbox CAS Rewrite Cosine	acos2atan(Expr)	13217
additionally	cas	cas		additionally(Expr)	13217
adjoint_matrix	cas	cas		adjoint_matrix(matrix)	13217
algvar	cas	cas		algvar(Expr)	13217
alog10	cas	cas		alog10(Expr)	13217
angleat	cas	cas		angleat(point1, point2, point3, point4)	13217
angleatraw	cas	cas			2.1.14181
append	cas	cas		append((List, Element)	13217
apply	cas	cas		apply(Var→f(Var), Vector)	13217
approx	cas	cas		approx(Expr, [Int])	13217
arc	cas	cas		arc(Pnt, Pnt, Real,[Var(C)],[Var(r)])	13217
areaat	cas	cas		areaat(Polygon, Point)	13217
areaatraw	cas	cas			2.1.14181
asin2acos	cas	cas	Toolbox CAS Rewrite Sine	asin2acos(Expr)	13217
asin2atan	cas	cas	Toolbox CAS Rewrite Sine	asin2atan(Expr)	13217
assume	cas	cas		assume(Expr)	13217
atan2acos	cas	cas	Toolbox CAS Rewrite Tangent	atan2acos(Expr)	13217
atan2asin	cas	cas	Toolbox CAS Rewrite Tangent	atan2asin(Expr)	13217
atrig2ln	cas	cas	Toolbox CAS Rewrite Trig	atrig2ln(Expr)	13217
barycenter	cas	cas		barycenter([Point1, Weight1], [Point2, Weight2],…,[Pointn, Weightn])	13217
basis	cas	cas		basis(Lst(vector1,..,vectorn))	13217
bernoulli	cas	cas		bernoulli(n,[variable])	13217
betad	cas	cas		betad(α,β,x)	13217
betad_cdf	cas	cas		betad_cdf(a,b,x,[x2])	13217
betad_icdf	cas	cas		betad_icdf(a,b,p)	13217
blockmatrix	cas	cas		blockmatrix(m,n,{matrix_blocks})	13217
blue	cas	cas			2.1.14181
bounded_function	cas	cas			13217
breakpoint	cas	cas		breakpoint(Intg)	13217
c1oc2	cas	cas		c1oc2(cycle1,cycle2)	13217
c1op2	cas	cas		c1op2(cycle,permutation)	13217
canonical_form	cas	cas		canonical_form(Trinomial,[Var])	13217
cat	cas	cas		cat(Obj1, Obj2, ..., Objn)	13217
cauchy	cas	cas		cauchy([x0],[a],x)	13217
cauchy_cdf	cas	cas		cauchy_cdf(x0,a,x,[x2])	13217
cauchy_icdf	cas	cas		cauchy_icdf(x0,a,p)	13217
cFactor	cas	cas		cFactor(Expr)	13217
changebase	cas	cas		changebase(A,P)	13217
charpoly	cas	cas		charpoly(Matrix,[Var])	13217
chinrem	cas	cas		chinrem(Matrix_2xn)	13217
chisquaret	cas	cas		chisquaret(Data,[distribution_law],[distribution_paramaters])	13217
chrem	cas	cas	Toolbox CAS Polynomial Algebra	chrem(List1, List2)	13217
coeff	cas	cas	Toolbox CAS Polynomial	coeff(Expr, [Var], [Integer])	13217
col	cas	cas		col(Matrix, Integer)	13217
colDim	cas	cas		colDim(Matrix)	13217
collect	cas	cas	Toolbox CAS Algebra	collect(Poly)	13217
colNorm	cas	cas			13217
colspace	cas	cas		colspace(matrix,[variable])	13217
comDenom	cas	cas		comDenom(Expr,[Var])	13217
common_perpendicular	cas	cas		common_perpendicular(Line(D1),Line(D2))	13217
companion	cas	cas		companion(Poly,Var)	13217
compare	cas	cas		compare(Obj1, Obj2)	13217
complexroot	cas	cas		complexroot(Poly, Real, [Complx1, Complx2])	13217
contains	cas	cas		contains(List, Element)	13217
content	cas	cas	Toolbox CAS Polynomial Algebra	content(Poly,[Var])	13217
convexhull	cas	cas		convexhull(Point1, Point2, ..., PointN)	13217
correlation	cas	cas		correlation(List)	13217
cos2sintan	cas	cas	Toolbox CAS Rewrite Cosine	cos2sintan(Expr)	13217
count	cas	cas		count(Var→Func on, List)	13217
count_eq	cas	cas		count_eq(item, list)	13217
count_inf	cas	cas		count_inf(item, list)	13217
count_sup	cas	cas		count_sup(item, list)	13217
covariance	cas	cas		covariance(List) or covariance(Matrix)	13217
covariance_correlation	cas	cas		covariance_correlation(List)	13217
cpartfrac	cas	cas		cpartfrac(RatFrac)	13217
crationalroot	cas	cas		crationalroot(Poly)	13217
cSolve	cas	cas	Toolbox CAS Solve	cSolve(Expr,[Var])	13217
cumSum	cas	cas		cumSum(List)	13217
curl	cas	cas	Toolbox CAS Calculus Differential	curl([Expr1, Expr2, ... ExprN], [Var1, Var2, ... VarN])	13217
curve	cas	cas		curve(Expr)	13217
cyan	cas	cas			2.1.14181
cycle2perm	cas	cas		cycle2perm(cycle)	13217
cycleinv	cas	cas		cycleinv(cycle)	13217
cycles2permu	cas	cas		cycles2permu(list)	13217
cyclotomic	cas	cas	Toolbox CAS Polynomial Special	cyclotomic(Integer)	13217
cZeros	cas	cas	Toolbox CAS Solve	cZeros(Expr,[Var])	13217
degree	cas	cas	Toolbox CAS Polynomial Algebra	degree(Poly)	13217
delcols	cas	cas		delcols(Matrix, Integer)	13217
delrows	cas	cas		delrows(Matrix, Integer)	13217
deltalist	cas	cas		deltalist(List)	13217
denom	cas	cas	Toolbox CAS Algebra Extract	denom(a/b)	13217
desolve	cas	cas	Toolbox CAS Solve	desolve(Eq,[TimeVar],Var)	13217
dfc	cas	cas		dfc(real,[integer])	13217
dfc2c	cas	cas		dfc2c(continued_fraction)	2.1.14181
dfc2f	cas	cas			13217
diff	cas	cas	Toolbox CAS Calculus	diff(Expr,[Var,[Order]])	13217
distance2	cas	cas		distance2(Point1, Point2)	13217
distanceat	cas	cas		distanceat(Point1, Point2, Point3)	13217
distanceatraw	cas	cas			2.1.14181
divergence	cas	cas	Toolbox CAS Calculus Differential	divergence([Expr1, Expr2, ... ExprN],[Var1, Var2, ... VarN])	13217
divis	cas	cas	Toolbox CAS Polynomial	divis(Poly)	13217
division_point	cas	cas		division_point(PointA, PointB, Realk)	13217
divpc	cas	cas	Toolbox CAS Calculus Limits	divpc(Poly1, Poly2, Integer)	13217
domain	cas	cas		domain(function,[variable])	13217
e	cas	cas		e	13217
egcd	cas	cas		egcd((PolyA, PolyB, [Var])	13217
eigenvals	cas	cas		eigenvals(Matrix)	13217
eigenvects	cas	cas		eigenvects(Matrix)	13217
eigVc	cas	cas		eigVc(Matrix)	13217
eigVl	cas	cas		eigVl(Matrix)	13217
equilateral_triangle	cas	cas		equilateral_triangle(Point1, Point2, [Var])	13217
error	cas	cas		error(String)	13217
euler	cas	cas	Toolbox CAS Integer Prime	euler(Integer);	13217
eval	cas	cas		eval(Expr)	13217
evalb	cas	cas		evalb(expression)	13217
evalc	cas	cas			13217
evalf	cas	cas		evalf(Expr,[Integer])	13217
even	cas	cas		even(Integer)	13217
exact	cas	cas		exact(Expr)	13217
exbisector	cas	cas		exbisector(Point1, Point2, Point3)	13217
exp2pow	cas	cas	Toolbox CAS Rewrite Exp & Ln	exp2pow(Expr)	13217
exp2trig	cas	cas	Toolbox CAS Rewrite Exp & Ln	exp2trig(Expr)	13217
expand	cas	cas	Toolbox CAS Algebra	expand(Expr)	13217
expexpand	cas	cas	Toolbox CAS Rewrite Exp & Ln	expexpand(Expr)	13217
exponential	cas	cas		exponential(k,x)	13217
exponential_cdf	cas	cas		exponential_cdf(k,x,[x2])	13217
exponential_icdf	cas	cas		exponential_icdf(k,p)	13217
exponential_regression	cas	cas		exponential_regression(Matrix)	13217
extract_measure	cas	cas		extract_measure(Var)	13217
ezgcd	cas	cas			13217
f2nd	cas	cas		f2nd(Frac) or f2nd(RatFrac)	13217
factor	cas	cas	Toolbox CAS Algebra	factor(Expr)	13217
factor_xn	cas	cas	Toolbox CAS Polynomial Algebra	factor_xn(Poly)	13217
factorial	cas	cas		factorial(Integer) or factorial(Real)	13217
factors	cas	cas	Toolbox CAS Polynomial	factors(Poly)	13217
fcoeff	cas	cas	Toolbox CAS Polynomial Create	fcoeff([Root1, Order1, Root2, Order2, ..., Rootn, Ordern])	13217
fft	cas	cas	Toolbox CAS Calculus Transform	fft(Vector)	13217
fMax	cas	cas		fMax(Expr,[Var])	13217
fMin	cas	cas		fMin(Expr,[Var])	13217
format	cas	cas		format(real, format))	13217
fourier_an	cas	cas		fourier_an(Expr,Var,T,n,a)	13217
fourier_bn	cas	cas		fourier_bn(Expr,Var,T,n,a)	13217
fourier_cn	cas	cas		fourier_cn(Expr,Var,T,n,a)	13217
fPart	cas	cas		fPart(Real)	13217
fracmod	cas	cas		fracmod(Expr,Integer))	13217
froot	cas	cas		froot(RatPoly)	13217
fsolve	cas	cas	Toolbox CAS Solve	fsolve(Expr,Var,[Guess or Interval],[Method])	13217
function_diff	cas	cas		function_diff(FunctionName)	13217
gammad	cas	cas		gammad(a,t,x)	13217
gammad_cdf	cas	cas		gammad_cdf(a,t,x,[x2])	13217
gammad_icdf	cas	cas		gammad_icdf(a,t,p)	13217
gauss	cas	cas		gauss(Expr,Vector)	13217
gbasis	cas	cas	Toolbox CAS Polynomial Special	gbasis([Poly1, Poly2,...], [Var1, Var2, ...])	13217
gcd	cas	cas	Toolbox CAS Polynomial	gcd(Poly1, Poly2,…Polyn)	13217
grad	cas	cas	Toolbox CAS Calculus Differential	grad(Expr, ListVars)	13217
gramschmidt	cas	cas		gramschmidt(Vector, Function)	13217
greduce	cas	cas	Toolbox CAS Polynomial Special	greduce(Poly1, [Poly2, Poly3,...], [Var1, Var2, ...])	13217
green	cas	cas			2.1.14181
groupermu	cas	cas		groupermu(permutation1,permutation2)	13217
hadamard	cas	cas		hadamard(Matrix,[Matrix])	13217
halftan	cas	cas	Toolbox CAS Rewrite Tangent	halftan(Expr)	13217
halftan_hyp2exp	cas	cas		halftan_hyp2exp(Expr)	13217
halt	cas	cas		halt	13217
hamdist	cas	cas		hamdist(Intgr1, Intgr2)	13217
harmonic_conjugate	cas	cas		harmonic_conjugate(Point1, Point2, Point3)	13217
harmonic_division	cas	cas		harmonic_division(point1, point2, point3, var)	13217
has	cas	cas		has(Expr,Var)	13217
head	cas	cas		head(Vector)	13217
hermite	cas	cas	Toolbox CAS Polynomial Special	hermite(Integer)	13217
hessian	cas	cas	Toolbox CAS Calculus Differential	hessian(Expr,ListVar)	13217
hexagon	cas	cas		hexagon(Point1, Point2, [Var1, Var2, Var3, Var4])	13217
horner	cas	cas		horner(Polynomial,Real)	13217
hyp2exp	cas	cas		hyp2exp(Expr)	13217
i	cas	cas		i	13217
iabcuv	cas	cas		iabcuv(Intg(a),Intg(b),Intg(c))	13217
ibasis	cas	cas		ibasis(Matrix1, Matrix2))	13217
ibpdv	cas	cas	Toolbox CAS Calculus Integral	ibpdv(f(Var), v(Var), [Var], [Real1], [Real2])	13217
ibpu	cas	cas	Toolbox CAS Calculus Integral	ibpu(f(Var), u(Var), [Var], [Real1], [Real2])	13217
ichinrem	cas	cas	Toolbox CAS Integer Division	ichinrem([a,p],[b,q]))	13217
icontent	cas	cas		icontent(Poly,[Var])	13217
id	cas	cas		id(Expr)	13217
identity	cas	cas			13217
idivis	cas	cas	Toolbox CAS Integer	idivis(Integer)	13217
iegcd	cas	cas		iegcd(Integer1, Integer2)	13217
ifactor	cas	cas	Toolbox CAS Integer	ifactor(Integer)	13217
ifactors	cas	cas	Toolbox CAS Integer	ifactors(Integer)	13217
ifft	cas	cas	Toolbox CAS Calculus Transform	ifft(Vect)	13217
igcd	cas	cas	Toolbox CAS Integer	igcd(Intgr1, Intgr2, ... Intgrn))	13217
ilaplace	cas	cas	Toolbox CAS Calculus Transform	ilaplace(Expr,[Var],[IlapVar])	13217
image	cas	cas		image(Matrix)	13217
implicit_diff	cas	cas		implicit_diff(expression, var1, var2, [Order])	13217
int	cas	cas	Toolbox CAS Calculus	int(Expr,[Var],[Real1,Real2])	13217
interval2center	cas	cas		interval2center(Interval)	13217
inv	cas	cas		inv(Expr) or inv(Matrix)	13217
invlaplace	cas	cas		invlaplace(Expr,[Var],[IlapVar])	13217
invztrans	cas	cas		invztrans(Expr,[Var],[InvZtransVar])	13217
iPart	cas	cas		iPart(Real)	13217
iquo	cas	cas	Toolbox CAS Integer Division	iquo(Intgr1, Intgr2)	13217
iquorem	cas	cas		iquorem(Integer1, Integer2))	13217
irem	cas	cas	Toolbox CAS Integer Division	irem(Intgr1, Intgr2)	13217
is_coplanar	cas	cas		is_coplanar(Point1, Point2, Point3, Point4)	13217
is_cycle	cas	cas		is_cycle(list)	13217
is_harmonic	cas	cas		is_harmonic(Point1, Point2, Point3, Point4)	13217
is_harmonic_circle_bundle	cas	cas		is_harmonic_circle_bundle(Circle1, Circle2, ..., Circlen)	13217
is_harmonic_line_bundle	cas	cas			13217
is_parallel	cas	cas		is_parallel(Line1, Line2)	13217
is_permu	cas	cas		is_permu(list)	13217
is_rectangle	cas	cas		is_rectangle(Point1, Point2, Point3, Point4)	13217
is_rhombus	cas	cas		is_rhombus(Point1, Point2, Point3, Point4)	13217
is_square	cas	cas		is_square(Point1, Point2, Point3, Point4)	13217
isobarycenter	cas	cas		isobarycenter(Point1, Point2, …, Pointn)	13217
isosceles_triangle	cas	cas		isosceles_triangle(Point1, Point2, Angle, [Var])	13217
isPrime	cas	cas	Toolbox CAS Integer Prime		2.1.14181
isprime	cas	cas		isprime(Integer)	13217
ithprime	cas	cas	Toolbox CAS Integer Prime	ithprime(Integer)	13217
jacobi_symbol	cas	cas		jacobi_symbol(Integer1, Integer2)	13217
ker	cas	cas		ker(Mtrx(M))	13217
kolmogorovd	cas	cas			13217
kolmogorovt	cas	cas		kolmogorovt(list1,list2)	13217
lagrange	cas	cas	Toolbox CAS Polynomial Special	lagrange([X1, X2,... Xn], [Y1, Y2, ... Yn])	13217
laguerre	cas	cas	Toolbox CAS Polynomial Special	laguerre(Integer)	13217
laplace	cas	cas	Toolbox CAS Calculus Transform	laplace(Expr,[Var],[LapVar])	13217
laplacian	cas	cas		laplacian(Expr, Vector)	13217
latex	cas	cas		latex(Expr)	13217
lcm	cas	cas	Toolbox CAS Integer / Toolbox CAS Polynomial	lcm(Intgr1, Intgr2, ...)	13217
lcoeff	cas	cas		lcoeff(Poly)	13217
left	cas	cas	Toolbox CAS Algebra Extract	left(Expr1=Expr2)	13217
legendre	cas	cas	Toolbox CAS Polynomial Special	legendre(Integer)	13217
legendre_symbol	cas	cas		legendre_symbol(Integer1, [Integer2])	13217
length	cas	cas		length(List)	13217
lgcd	cas	cas		lgcd(List)	13217
limit	cas	cas	Toolbox CAS Calculus	limit(Expr,Var,Val, [Dir])	13217
lin	cas	cas		lin(Expr )	13217
linear_interpolate	cas	cas		linear_interpolate(Matrix,Xmin,Xmax,Xstep)	13217
linear_regression	cas	cas		linear_regression(Matrix)	13217
linsolve	cas	cas	Toolbox CAS Solve	linsolve([LinEq1, LinEq2,…LinEqn], [Var1,Var2,…Varn])	13217
list2mat	cas	cas		list2mat(List, Integer)	13217
lll_reduce	cas	cas	Toolbox CAS Polynomial Special	lll_reduce(Matrix)	13217
lname	cas	cas		lname('Expr')	13217
lncollect	cas	cas	Toolbox CAS Rewrite	lncollect(Expr)	13217
lnexpand	cas	cas		lnexpand(Expr)	13217
log10	cas	cas		log10(Expr)	13217
logarithmic_regression	cas	cas		logarithmic_regression(Matrix)	13217
logb	cas	cas		logb(a,b)	13217
logistic_regression	cas	cas		logistic_regression(Lst(L),Real(x0),Real(y0))	13217
lvar	cas	cas		lvar(Expr)	13217
magenta	cas	cas			2.1.14181
map	cas	cas		map(Matrix, Var→Func on)	13217
mat2list	cas	cas		mat2list(Matrix)	13217
matpow	cas	cas		matpow(Matrix,Int(n))	13217
mean	cas	cas		mean(List1, [List2]) or mean(Matrix)	13217
median	cas	cas		median(List1, [List2])	13217
member	cas	cas		member(Element, List)	13217
modgcd	cas	cas		modgcd(Poly1, Poly2)	13217
mRow	cas	cas		mRow(Expr, Matrix, Integer)	13217
mult_c_conjugate	cas	cas		mult_c_conjugate(Expr)	13217
mult_conjugate	cas	cas		mult_conjugate(Expr)	13217
multinomial	cas	cas		multinomial(Integern, VectorP, VectorK)	13217
nDeriv	cas	cas		nDeriv(Expr, Var, Real)	13217
negbinomial	cas	cas		negbinomial(n,k,x)	13217
negbinomial_cdf	cas	cas		negbinomial_cdf(n,k,x,[x2])	13217
negbinomial_icdf	cas	cas		negbinomial_icdf(n,k,p)	13217
newton	cas	cas		newton(Expr,Var, [Guess],[Integer])	13217
nextprime	cas	cas	Toolbox CAS Integer Prime	nextprime(Integer)	13217
nop	cas	cas			13217
normal	cas	cas		normal(Expr)	13217
normald_cdf	cas	cas			notes 14566
normald_icdf	cas	cas			notes 14566
normalize	cas	cas		normalize(Vector)	13217
nSolve	cas	cas			2.1.14181
num	cas	cas			2.1.14181
numer	cas	cas	Toolbox CAS Algebra Extract	numer(a/b)	13217
odd	cas	cas		odd(Integer)	13217
odesolve	cas	cas	Toolbox CAS Solve	odesolve(Expr, VectVar, VectInit, FinalVal, [tstep=Val, curve])	13217
open_polygon	cas	cas		open_polygon(point1, point2, …, point1)	13217
order_size	cas	cas		order_size(Expr)	13217
orthocenter	cas	cas		orthocenter(Triangle)	13217
orthogonal	cas	cas		orthogonal(Point, Line)	13217
p1oc2	cas	cas		p1oc2(permutation,cycle)	13217
p1op2	cas	cas		p1op2(permutation1,permutation2)	13217
pa2b2	cas	cas		pa2b2(Integer)	13217
pade	cas	cas		pade(Expr, Var, Integern, Integerp)	13217
part	cas	cas		part(Expr, Integer)	13217
partfrac	cas	cas	Toolbox CAS Algebra	partfrac(RatFrac)	13217
pcoeff	cas	cas	Toolbox CAS Polynomial Create	pcoeff(Vector) or pcoeff(List)	13217
perimeterat	cas	cas		perimeterat(polygon, point)	13217
perimeteratraw	cas	cas			2.1.14181
perminv	cas	cas		perminv(permutation)	13217
permu2cycles	cas	cas		permu2cycles(permutation)	13217
permu2mat	cas	cas		permu2mat(permutation)	13217
permuorder	cas	cas		permuorder(permutation)	13217
plotcontour	cas	cas	Toolbox CAS Plot	plotcontour(Expr,[LstVar],[LstVal])	13217
plotinequation	cas	cas		plotinequation(Expr,[x=xrange,y=yrange],[xstep],[ystep])	13217
pmin	cas	cas	Toolbox CAS Polynomial Create	pmin(Matrix,[Var])	13217
point2d	cas	cas		point2d(point1, point2, …, pointn)	13217
polar	cas	cas		polar(Circle, Point)	13217
polar_point	cas	cas		polar_point(Radius, Angle)	13217
pole	cas	cas		pole(Circle, Line)	13217
poly2symb	cas	cas	Toolbox CAS Polynomial Create	poly2symb(Vector,[Var])	13217
polyEval	cas	cas		polyEval(Vector, Real)	13217
polygonplot	cas	cas		polygonplot(Mtrx)	13217
polygonscatterplot	cas	cas		polygonscatterplot(Matrix)	13217
polynomial_regression	cas	cas		polynomial_regression(List1, List2, Integer)	13217
potential	cas	cas		potential(Vector1, Vector2)	13217
pow2exp	cas	cas	Toolbox CAS Rewrite Exp & Ln	pow2exp(Expr)	13217
power_regression	cas	cas		power_regression(List1, List2)	13217
powerpc	cas	cas		powerpc(Circle, Point)	13217
powexpand	cas	cas	Toolbox CAS Rewrite	powexpand(Expr)	13217
powmod	cas	cas	Toolbox CAS Integer Division	powmod(a, n, p, [Expr, Var])	13217
prepend	cas	cas		prepend(List, Element)	13217
preval	cas	cas	Toolbox CAS Calculus Integral	preval(F(var),Real(a),Real(b),[Var])	13217
prevprime	cas	cas	Toolbox CAS Integer Prime	prevprime(Integer)	13217
primpart	cas	cas		primpart(Poly,[Var])	13217
product	cas	cas		product(Expr, [Var], [Min], [Max], [Step])	13217
proot	cas	cas	Toolbox CAS Polynomial	proot(Poly) or proot(Vector)	13217
propfrac	cas	cas		propfrac(Fraction)	13217
ptayl	cas	cas		ptayl(Poly, Value, [Var])	13217
purge	cas	cas		purge(Var)	13217
q2a	cas	cas		q2a(QuadExpr, Vector)	13217
quantile	cas	cas		quantile(List, Value)	13217
quartile1	cas	cas		quartile1(List)	13217
quartile3	cas	cas		quartile3(List)	13217
quartiles	cas	cas		quartiles(List)	13217
quo	cas	cas	Toolbox CAS Polynomial Algebra	quo(List1, List2, [Var]) or quo(Poly1, Poly2, [Var])	13217
quorem	cas	cas		quorem(Poly1, Poly2)	13217
quote	cas	cas			13217
radical_axis	cas	cas		radical_axis(Circle1, Circle2)	13217
randbinomial	cas	cas		randbinomial(n,p)	13217
randchisquare	cas	cas		randchisquare(n)	13217
randexp	cas	cas		randexp(Real)	13217
randfisher	cas	cas		randfisher(n,d)	13217
randgeometric	cas	cas		randgeometric(p)	13217
randnorm	cas	cas		randnorm(mu, sigma)	13217
randperm	cas	cas		randperm(Integer)	13217
randpoisson	cas	cas		randpoisson(k)	13217
randPoly	cas	cas	Toolbox CAS Polynomial Create		2.1.14181
randpoly	cas	cas		randpoly([Var], Integer, [Interval, Dist])	13217
randstudent	cas	cas		randstudent(n)	13217
randvector	cas	cas		randvector(Integern, Integerm)	13217
ranm	cas	cas		ranm(Integern, [Integerm],[Interval or Distribution])	13217
ratnormal	cas	cas		ratnormal(Expr)	13217
rectangular_coordinates	cas	cas		rectangular_coordinates(Vector)	13217
red	cas	cas			2.1.14181
reduced_conic	cas	cas		reduced_conic(Expr,[Vector])	13217
ref	cas	cas		ref(Matrix)	13217
regroup	cas	cas		regroup(expr)	13217
rem	cas	cas	Toolbox CAS Polynomial Algebra	rem(Poly1, Poly2, [Var])	13217
remove	cas	cas		remove(Value, List)	13217
reorder	cas	cas		reorder(Expr, Vector)	13217
restart	cas	cas		restart	13217
resultant	cas	cas		resultant(Poly1,Poly2,Var)	13217
revlist	cas	cas		revlist(List) or revlist(Vector)	13217
right	cas	cas	Toolbox CAS Algebra Extract	right(Expr1=Expr2)	13217
romberg	cas	cas		romberg(Expr, Var, Val1, Val2)	13217
row	cas	cas		row(Matrix, Integer)	13217
rowAdd	cas	cas		rowAdd(Matrix, Integer1, Integer2)	13217
rowDim	cas	cas		rowDim(Matrix)	13217
rowNorm	cas	cas			13217
rowspace	cas	cas		rowspace(matrix,[variable])	13217
rowSwap	cas	cas		rowSwap(Matrix,Integer1,Integer2)	13217
rref	cas	cas			13217
rsolve	cas	cas		rsolve(Expr, Var, Condition)	13217
select	cas	cas		select(Test, List) or select(Test, Vector)	13217
seq	cas	cas		seq(Expr, Var=Interval, [Step])	13217
seqsolve	cas	cas		seqsolve(Expr, Vector, Condition)	13217
series	cas	cas	Toolbox CAS Calculus	series(Expr,Var=Val,[Order],[Dir])	13217
shift	cas	cas		shift(List, Integer)	13217
shift_phase	cas	cas		shift_phase(Expr)	13217
signature	cas	cas		signature(Vector)	13217
simplex_reduce	cas	cas		simplex_reduce(Matrix_A, Vector_B, Vector_C)	13217
simplify	cas	cas	Toolbox CAS Algebra	simplify(Expr)	13217
simult	cas	cas		simult(Matrix1, Matrix2)	13217
sin2costan	cas	cas	Toolbox CAS Rewrite Sine	sin2costan(Expr)	13217
sincos	cas	cas		sincos(Expr)	13217
slopeat	cas	cas		slopeat(Segment, Point)	13217
slopeatraw	cas	cas			2.1.14181
solve	cas	cas	Toolbox CAS Solve		13217
sort	cas	cas		sort(List) or sort(Obj1, Obj2, ...)	13217
spline	cas	cas		spline(ListX, ListY, Var, Integer)	13217
sqrfree	cas	cas		sqrfree(Expr)	13217
sqrt	cas	cas		sqrt(Expr)	13217
stddev	cas	cas		stddev(List1, [List2])	13217
stddevp	cas	cas		stddevp(List1, [List2])	13217
sto	cas	cas		sto(Obj, Var)	13217
sturm	cas	cas		sturm(Poly,[Var, Complexa, Complexb])	13217
sturmab	cas	cas	Toolbox CAS Polynomial Algebra	sturmab(Poly,[Var,Interval)	13217
sturmseq	cas	cas		sturmseq(Poly,[Var]) or sturmseq(RatFrac, [Var])	13217
subMat	cas	cas		subMat(Matrix, Int1, Int2, Int3, Int4)	13217
subst	cas	cas	Toolbox CAS Algebra	subst(Expr,Var=value)	13217
sum	cas	cas	Toolbox CAS Calculus	sum(Expr,Var,Real1,Real2,[Step])	13217
sum_riemann	cas	cas	Toolbox CAS Calculus Limits	sum_riemann(Expr(Xpr),Lst(var1,var2))	13217
surd	cas	cas		surd(Expr, Integer)	13217
sylvester	cas	cas		sylvester(Poly,Poly,Var)	13217
symb2poly	cas	cas	Toolbox CAS Polynomial Create	symb2poly(Expr,[Var])	13217
table	cas	cas		table(SeqEqual(index=value))	13217
tabvar	cas	cas		tabvar(function,[variable, minimum, maximum])	13217
tail	cas	cas		tail(Vector)	13217
tan2cossin2	cas	cas		tan2cossin2(Expr)	13217
tan2sincos	cas	cas		tan2sincos(Expr)	2.1.14181
tan2sincos2	cas	cas		tan2sincos2(Expr)	13217
taylor	cas	cas	Toolbox CAS Calculus Limits	taylor(Expr,[Var=Value],[Order])	13217
tchebyshev1	cas	cas	Toolbox CAS Polynomial Special	tchebyshev1(Integer)	13217
tchebyshev2	cas	cas	Toolbox CAS Polynomial Special	tchebyshev2(Integer)	13217
tcoeff	cas	cas		tcoeff(Poly)	13217
tcollect	cas	cas	Toolbox CAS Rewrite Trig	tcollect(Expr)	13217
texpand	cas	cas	Toolbox CAS Rewrite	texpand(Expr)	13217
tlin	cas	cas	Toolbox CAS Rewrite Trig	tlin(Expr)	13217
trace	cas	cas		trace(point)	2.1.14181
transpose	cas	cas		transpose(Matrix)	13217
trig2exp	cas	cas	Toolbox CAS Rewrite Trig	trig2exp(Expr)	13217
trigcos	cas	cas	Toolbox CAS Rewrite Trig	trigcos(Expr)	2.1.14181
trigexpand	cas	cas	Toolbox CAS Rewrite Trig	trigexpand(Expr)	13217
trigsin	cas	cas	Toolbox CAS Rewrite Trig	trigsin(Expr)	2.1.14181
trigtan	cas	cas	Toolbox CAS Rewrite Trig	trigtan(Expr)	2.1.14181
trunc	cas	cas			13217
truncate	cas	cas		truncate(Poly, Integer)	13217
tsimplify	cas	cas		tsimplify(Expr)	13217
type	cas	cas		type(Object)	13217
unapply	cas	cas		unapply(Expr,Var)	13217
uniform	cas	cas		uniform(a,b,x)	13217
uniform_cdf	cas	cas		uniform_cdf(a,b,x,[x2])	13217
uniform_icdf	cas	cas		uniform_icdf(a,b,p)	13217
vandermonde	cas	cas		vandermonde(vector)	13217
variance	cas	cas		variance(List1, [List2])	13217
vector	cas	cas		vector(Point1, [Point2])	13217
vertices	cas	cas		vertices(Polygon)	13217
vertices_abca	cas	cas		vertices_abca(Polygon)	13217
vpotential	cas	cas		vpotential(Vector1, Vector2)	13217
weibull	cas	cas		weibull(k,n,[t],x)	13217
weibull_cdf	cas	cas			13217
weibull_icdf	cas	cas		weibull_icdf(k,n,[t],x)	13217
when	cas	cas		when(Cond,Expr1,Expr2)	13217
white	cas	cas			2.1.14181
wilcoxonp	cas	cas		wilcoxonp(Integer1,[Integer2])	13217
wilcoxons	cas	cas		wilcoxons(List1,Median)	13217
wilcoxont	cas	cas			13217
x²	cas	cas			13217
yellow	cas	cas			2.1.14181
zeros	cas	cas	Toolbox CAS Solve	zeros(Expr,[Var])	13217
zip	cas	cas		zip(‘Function’, List1, List2, Default)	13217
ztrans	cas	cas		ztrans(Expr,[Var],[ZtransVar])	13217
π	cas	cas			13217
GET	unknown	other			notes 2.2
